114,sasso@gmail.com,carlo,pro,Prox
117,adminvibes@gmail.com,adminpazzo,dellacampagna,Admin
121,theone@second.it,plebeo,plebeo,Plebeo
124,@gino,gino,gino,Gino
127,giodi@h.it,giodi,giodi,Giordano
129,luc.for@gmail.it,forest,luchi,Forest
131,siepegrossa@wow.com,sepio,della siepe,Sepio
136,alexela@gmail.com,alex,xela,Alex
139,antcla@alice.it,anthony,clark,Clark
142,marta@marti.com,marta,marti,Marta
